{"cameraMode":{"drawMode":0,"name":"Shaded","section":"Shading Mode"},"sceneLighting":false,"audioPlay":false,"sceneViewState":{"showFog":true,"showMaterialUpdate":false,"showSkybox":false,"showFlares":true,"showImageEffects":true,"showParticleSystems":true},"in2DMode":false,"pivot":{"x":58.77000045776367,"y":23.15999984741211,"z":0.004999995231628418},"rotation":{"x":-0.05629640072584152,"y":-0.26945438981056216,"z":-0.015781044960021974,"w":0.9612367153167725},"size":3.001638412475586,"orthographic":false}